"HS1 2AA",10,142807,932745,"S92000003","","S08000014","","S12000013","S13002605"
"HS1 2AD",10,142447,932841,"S92000003","","S08000014","","S12000013","S13002605"
"HS1 2AE",10,142413,932617,"S92000003","","S08000014","","S12000013","S13002605"
"HS1 2AF",10,142644,934195,"S92000003","","S08000014","","S12000013","S13002606"
"HS1 2AG",10,142804,932976,"S92000003","","S08000014","","S12000013","S13002605"
"HS1 2BA",10,142181,932764,"S92000003","","S08000014","","S12000013","S13002605"
"HS1 2BB",10,142469,932718,"S92000003","","S08000014","","S12000013","S13002605"
"HS1 2BD",10,142218,932790,"S92000003","","S08000014","","S12000013","S13002605"
"HS1 2BE",10,142277,932774,"S92000003","","S08000014","","S12000013","S13002605"
"HS1 2BG",10,142259,932772,"S92000003","","S08000014","","S12000013","S13002605"
"HS1 2BJ",10,142357,932767,"S92000003","","S08000014","","S12000013","S13002605"
"HS1 2BN",10,142454,932757,"S92000003","","S08000014","","S12000013","S13002605"
"HS1 2BQ",10,142357,932767,"S92000003","","S08000014","","S12000013","S13002605"
"HS1 2BS",10,142528,932626,"S92000003","","S08000014","","S12000013","S13002605"
"HS1 2BT",10,142524,932603,"S92000003","","S08000014","","S12000013","S13002605"
"HS1 2BW",10,142881,932845,"S92000003","","S08000014","","S12000013","S13002605"
"HS1 2DA",10,142342,932833,"S92000003","","S08000014","","S12000013","S13002605"
"HS1 2DB",10,142351,932785,"S92000003","","S08000014","","S12000013","S13002605"
"HS1 2DD",10,142328,932901,"S92000003","","S08000014","","S12000013","S13002605"
"HS1 2DF",10,142285,932923,"S92000003","","S08000014","","S12000013","S13002605"
"HS1 2DG",10,142333,933027,"S92000003","","S08000014","","S12000013","S13002605"
"HS1 2DH",10,142349,932965,"S92000003","","S08000014","","S12000013","S13002605"
"HS1 2DJ",10,142531,933422,"S92000003","","S08000014","","S12000013","S13002605"
"HS1 2DL",10,142640,932950,"S92000003","","S08000014","","S12000013","S13002605"
"HS1 2DP",10,142419,932777,"S92000003","","S08000014","","S12000013","S13002605"
"HS1 2DR",10,142362,932925,"S92000003","","S08000014","","S12000013","S13002605"
"HS1 2DS",10,142361,933049,"S92000003","","S08000014","","S12000013","S13002605"
"HS1 2DT",10,142347,933129,"S92000003","","S08000014","","S12000013","S13002605"
"HS1 2DU",10,142390,933225,"S92000003","","S08000014","","S12000013","S13002605"
"HS1 2DX",10,142476,933339,"S92000003","","S08000014","","S12000013","S13002605"
"HS1 2DY",10,142384,933314,"S92000003","","S08000014","","S12000013","S13002605"
"HS1 2DZ",10,142518,933458,"S92000003","","S08000014","","S12000013","S13002605"
"HS1 2EB",10,142405,933317,"S92000003","","S08000014","","S12000013","S13002605"
"HS1 2ED",10,142325,933066,"S92000003","","S08000014","","S12000013","S13002605"
"HS1 2EG",10,142617,933775,"S92000003","","S08000014","","S12000013","S13002606"
"HS1 2EH",10,142492,933826,"S92000003","","S08000014","","S12000013","S13002606"
"HS1 2EJ",10,142438,933902,"S92000003","","S08000014","","S12000013","S13002606"
"HS1 2EP",10,141875,934153,"S92000003","","S08000014","","S12000013","S13002606"
"HS1 2EU",10,142479,934071,"S92000003","","S08000014","","S12000013","S13002606"
"HS1 2EW",10,142204,934083,"S92000003","","S08000014","","S12000013","S13002606"
"HS1 2EX",10,142445,933953,"S92000003","","S08000014","","S12000013","S13002606"
"HS1 2EY",10,142556,933928,"S92000003","","S08000014","","S12000013","S13002606"
"HS1 2EZ",10,142517,933942,"S92000003","","S08000014","","S12000013","S13002606"
"HS1 2FA",10,142881,932845,"S92000003","","S08000014","","S12000013","S13002605"
"HS1 2FB",10,142881,932845,"S92000003","","S08000014","","S12000013","S13002605"
"HS1 2FD",10,142881,932845,"S92000003","","S08000014","","S12000013","S13002605"
"HS1 2FE",10,142881,932845,"S92000003","","S08000014","","S12000013","S13002605"
"HS1 2FF",10,142881,932845,"S92000003","","S08000014","","S12000013","S13002605"
"HS1 2FG",10,142881,932845,"S92000003","","S08000014","","S12000013","S13002605"
"HS1 2FH",10,142881,932845,"S92000003","","S08000014","","S12000013","S13002605"
"HS1 2FJ",10,142881,932845,"S92000003","","S08000014","","S12000013","S13002605"
"HS1 2FL",10,142881,932845,"S92000003","","S08000014","","S12000013","S13002605"
"HS1 2FP",10,142881,932845,"S92000003","","S08000014","","S12000013","S13002605"
"HS1 2FQ",10,142881,932845,"S92000003","","S08000014","","S12000013","S13002605"
"HS1 2FR",10,142881,932845,"S92000003","","S08000014","","S12000013","S13002605"
"HS1 2GA",10,142881,932845,"S92000003","","S08000014","","S12000013","S13002605"
"HS1 2GB",10,142881,932845,"S92000003","","S08000014","","S12000013","S13002605"
"HS1 2GD",10,142881,932845,"S92000003","","S08000014","","S12000013","S13002605"
"HS1 2GE",10,142881,932845,"S92000003","","S08000014","","S12000013","S13002605"
"HS1 2GF",10,142881,932845,"S92000003","","S08000014","","S12000013","S13002605"
"HS1 2GG",10,142881,932845,"S92000003","","S08000014","","S12000013","S13002605"
"HS1 2GH",10,142881,932845,"S92000003","","S08000014","","S12000013","S13002605"
"HS1 2GJ",10,142881,932845,"S92000003","","S08000014","","S12000013","S13002605"
"HS1 2GL",10,142881,932845,"S92000003","","S08000014","","S12000013","S13002605"
"HS1 2GN",10,142881,932845,"S92000003","","S08000014","","S12000013","S13002605"
"HS1 2GP",10,142881,932845,"S92000003","","S08000014","","S12000013","S13002605"
"HS1 2GQ",10,142881,932845,"S92000003","","S08000014","","S12000013","S13002605"
"HS1 2GR",10,142881,932845,"S92000003","","S08000014","","S12000013","S13002605"
"HS1 2GS",10,142881,932845,"S92000003","","S08000014","","S12000013","S13002605"
"HS1 2GT",10,142881,932845,"S92000003","","S08000014","","S12000013","S13002605"
"HS1 2GU",10,142881,932845,"S92000003","","S08000014","","S12000013","S13002605"
"HS1 2GW",10,142881,932845,"S92000003","","S08000014","","S12000013","S13002605"
"HS1 2GY",10,142881,932845,"S92000003","","S08000014","","S12000013","S13002605"
"HS1 2GZ",10,142881,932845,"S92000003","","S08000014","","S12000013","S13002605"
"HS1 2HA",10,142466,933900,"S92000003","","S08000014","","S12000013","S13002606"
"HS1 2HB",10,142514,933848,"S92000003","","S08000014","","S12000013","S13002606"
"HS1 2HD",10,142551,933811,"S92000003","","S08000014","","S12000013","S13002606"
"HS1 2HE",10,142632,933815,"S92000003","","S08000014","","S12000013","S13002606"
"HS1 2HF",10,142786,933754,"S92000003","","S08000014","","S12000013","S13002606"
"HS1 2HG",10,142644,933870,"S92000003","","S08000014","","S12000013","S13002606"
"HS1 2HH",10,142706,933920,"S92000003","","S08000014","","S12000013","S13002606"
"HS1 2HJ",10,142872,933809,"S92000003","","S08000014","","S12000013","S13002606"
"HS1 2HL",10,142700,933769,"S92000003","","S08000014","","S12000013","S13002606"
"HS1 2HN",10,142793,933702,"S92000003","","S08000014","","S12000013","S13002606"
"HS1 2HP",10,142754,933563,"S92000003","","S08000014","","S12000013","S13002606"
"HS1 2HQ",10,142690,933869,"S92000003","","S08000014","","S12000013","S13002606"
"HS1 2HR",10,142868,933630,"S92000003","","S08000014","","S12000013","S13002606"
"HS1 2HT",10,142628,933510,"S92000003","","S08000014","","S12000013","S13002606"
"HS1 2HU",10,142645,933667,"S92000003","","S08000014","","S12000013","S13002606"
"HS1 2HY",10,142740,933649,"S92000003","","S08000014","","S12000013","S13002606"
"HS1 2JA",10,142507,932926,"S92000003","","S08000014","","S12000013","S13002605"
"HS1 2JB",10,142471,932935,"S92000003","","S08000014","","S12000013","S13002605"
"HS1 2JD",10,142430,932999,"S92000003","","S08000014","","S12000013","S13002605"
"HS1 2JE",10,142510,933019,"S92000003","","S08000014","","S12000013","S13002605"
"HS1 2JF",10,142585,932914,"S92000003","","S08000014","","S12000013","S13002605"
"HS1 2JG",10,142479,933053,"S92000003","","S08000014","","S12000013","S13002605"
"HS1 2JH",10,142449,933198,"S92000003","","S08000014","","S12000013","S13002605"
"HS1 2JJ",10,142506,933254,"S92000003","","S08000014","","S12000013","S13002605"
"HS1 2JL",10,142510,933179,"S92000003","","S08000014","","S12000013","S13002605"
"HS1 2JN",10,142482,933139,"S92000003","","S08000014","","S12000013","S13002605"
"HS1 2JP",10,142807,932745,"S92000003","","S08000014","","S12000013","S13002605"
"HS1 2JQ",10,142388,933119,"S92000003","","S08000014","","S12000013","S13002605"
"HS1 2JR",10,142600,933136,"S92000003","","S08000014","","S12000013","S13002605"
"HS1 2JS",10,142557,933275,"S92000003","","S08000014","","S12000013","S13002605"
"HS1 2JT",10,142532,933278,"S92000003","","S08000014","","S12000013","S13002605"
"HS1 2JU",10,142600,933262,"S92000003","","S08000014","","S12000013","S13002605"
"HS1 2JW",10,142506,933063,"S92000003","","S08000014","","S12000013","S13002605"
"HS1 2JX",10,142516,933391,"S92000003","","S08000014","","S12000013","S13002605"
"HS1 2JY",10,142561,933367,"S92000003","","S08000014","","S12000013","S13002605"
"HS1 2JZ",10,142424,933030,"S92000003","","S08000014","","S12000013","S13002605"
"HS1 2LA",10,142592,933418,"S92000003","","S08000014","","S12000013","S13002605"
"HS1 2LB",10,142618,933559,"S92000003","","S08000014","","S12000013","S13002606"
"HS1 2LD",10,142967,933722,"S92000003","","S08000014","","S12000013","S13002606"
"HS1 2LE",10,142916,933636,"S92000003","","S08000014","","S12000013","S13002606"
"HS1 2LF",10,142946,933541,"S92000003","","S08000014","","S12000013","S13002605"
"HS1 2LG",10,142865,933467,"S92000003","","S08000014","","S12000013","S13002605"
"HS1 2LH",10,142757,933425,"S92000003","","S08000014","","S12000013","S13002605"
"HS1 2LJ",10,142877,933746,"S92000003","","S08000014","","S12000013","S13002606"
"HS1 2LL",10,142732,933370,"S92000003","","S08000014","","S12000013","S13002605"
"HS1 2LP",10,142712,933259,"S92000003","","S08000014","","S12000013","S13002605"
"HS1 2LQ",10,142821,933528,"S92000003","","S08000014","","S12000013","S13002606"
"HS1 2LR",10,142678,933186,"S92000003","","S08000014","","S12000013","S13002605"
"HS1 2LS",10,142580,933046,"S92000003","","S08000014","","S12000013","S13002605"
"HS1 2LU",10,142536,933515,"S92000003","","S08000014","","S12000013","S13002605"
"HS1 2LW",10,142669,933257,"S92000003","","S08000014","","S12000013","S13002605"
"HS1 2NA",10,142485,932806,"S92000003","","S08000014","","S12000013","S13002605"
"HS1 2NB",10,142500,932824,"S92000003","","S08000014","","S12000013","S13002605"
"HS1 2ND",10,142548,932824,"S92000003","","S08000014","","S12000013","S13002605"
"HS1 2NE",10,143088,933257,"S92000003","","S08000014","","S12000013","S13002605"
"HS1 2NF",10,142607,932872,"S92000003","","S08000014","","S12000013","S13002605"
"HS1 2NG",10,142701,932851,"S92000003","","S08000014","","S12000013","S13002605"
"HS1 2NH",10,143115,933356,"S92000003","","S08000014","","S12000013","S13002605"
"HS1 2NJ",10,142798,933131,"S92000003","","S08000014","","S12000013","S13002605"
"HS1 2NL",10,143026,933325,"S92000003","","S08000014","","S12000013","S13002605"
"HS1 2NP",10,143067,933177,"S92000003","","S08000014","","S12000013","S13002605"
"HS1 2NQ",10,142712,933009,"S92000003","","S08000014","","S12000013","S13002605"
"HS1 2NS",10,143139,933425,"S92000003","","S08000014","","S12000013","S13002605"
"HS1 2NW",10,143178,933277,"S92000003","","S08000014","","S12000013","S13002605"
"HS1 2NX",10,143238,933513,"S92000003","","S08000014","","S12000013","S13002605"
"HS1 2NY",10,143310,933399,"S92000003","","S08000014","","S12000013","S13002605"
"HS1 2NZ",10,143428,933369,"S92000003","","S08000014","","S12000013","S13002605"
"HS1 2PA",10,143313,933107,"S92000003","","S08000014","","S12000013","S13002605"
"HS1 2PB",10,143399,933175,"S92000003","","S08000014","","S12000013","S13002605"
"HS1 2PG",10,143410,933469,"S92000003","","S08000014","","S12000013","S13002605"
"HS1 2PH",10,143457,933300,"S92000003","","S08000014","","S12000013","S13002605"
"HS1 2PJ",10,143350,933193,"S92000003","","S08000014","","S12000013","S13002605"
"HS1 2PL",10,143381,933247,"S92000003","","S08000014","","S12000013","S13002605"
"HS1 2PN",20,142861,933049,"S92000003","","S08000014","","S12000013","S13002605"
"HS1 2PP",10,143372,933313,"S92000003","","S08000014","","S12000013","S13002605"
"HS1 2PQ",10,143534,933374,"S92000003","","S08000014","","S12000013","S13002605"
"HS1 2PR",10,143323,933311,"S92000003","","S08000014","","S12000013","S13002605"
"HS1 2PS",10,143229,933179,"S92000003","","S08000014","","S12000013","S13002605"
"HS1 2PT",10,143086,933090,"S92000003","","S08000014","","S12000013","S13002605"
"HS1 2PU",10,142807,932745,"S92000003","","S08000014","","S12000013","S13002605"
"HS1 2PY",10,143025,933095,"S92000003","","S08000014","","S12000013","S13002605"
"HS1 2PZ",10,142867,932951,"S92000003","","S08000014","","S12000013","S13002605"
"HS1 2QG",10,142535,932776,"S92000003","","S08000014","","S12000013","S13002605"
"HS1 2QH",10,142575,932792,"S92000003","","S08000014","","S12000013","S13002605"
"HS1 2QJ",10,142658,932808,"S92000003","","S08000014","","S12000013","S13002605"
"HS1 2QN",10,142622,932755,"S92000003","","S08000014","","S12000013","S13002605"
"HS1 2QP",10,141659,934150,"S92000003","","S08000014","","S12000013","S13002606"
"HS1 2QQ",10,142519,932737,"S92000003","","S08000014","","S12000013","S13002605"
"HS1 2QR",10,141869,934219,"S92000003","","S08000014","","S12000013","S13002606"
"HS1 2QS",10,142574,932739,"S92000003","","S08000014","","S12000013","S13002605"
"HS1 2QT",10,142682,932671,"S92000003","","S08000014","","S12000013","S13002605"
"HS1 2QY",10,142637,932612,"S92000003","","S08000014","","S12000013","S13002605"
"HS1 2QZ",10,142106,934118,"S92000003","","S08000014","","S12000013","S13002606"
"HS1 2RA",10,142805,932586,"S92000003","","S08000014","","S12000013","S13002605"
"HS1 2RB",10,142760,932565,"S92000003","","S08000014","","S12000013","S13002605"
"HS1 2RD",10,142983,932606,"S92000003","","S08000014","","S12000013","S13002605"
"HS1 2RE",10,142768,932456,"S92000003","","S08000014","","S12000013","S13002605"
"HS1 2RF",10,142977,932562,"S92000003","","S08000014","","S12000013","S13002605"
"HS1 2RL",10,143064,932428,"S92000003","","S08000014","","S12000013","S13002605"
"HS1 2RN",10,143079,932389,"S92000003","","S08000014","","S12000013","S13002605"
"HS1 2RP",10,143091,932383,"S92000003","","S08000014","","S12000013","S13002605"
"HS1 2RR",10,143177,932348,"S92000003","","S08000014","","S12000013","S13002605"
"HS1 2RS",10,142642,932118,"S92000003","","S08000014","","S12000013","S13002605"
"HS1 2RT",10,143149,932158,"S92000003","","S08000014","","S12000013","S13002605"
"HS1 2RW",10,143001,932376,"S92000003","","S08000014","","S12000013","S13002605"
"HS1 2RX",10,143385,932295,"S92000003","","S08000014","","S12000013","S13002605"
"HS1 2RY",10,143323,932202,"S92000003","","S08000014","","S12000013","S13002605"
"HS1 2RZ",10,143395,932199,"S92000003","","S08000014","","S12000013","S13002605"
"HS1 2SA",10,142881,932845,"S92000003","","S08000014","","S12000013","S13002605"
"HS1 2SD",10,143328,932392,"S92000003","","S08000014","","S12000013","S13002605"
"HS1 2SE",10,143222,932425,"S92000003","","S08000014","","S12000013","S13002605"
"HS1 2SF",10,143318,932454,"S92000003","","S08000014","","S12000013","S13002605"
"HS1 2SG",10,143823,933212,"S92000003","","S08000014","","S12000013","S13002605"
"HS1 2SH",10,143457,932630,"S92000003","","S08000014","","S12000013","S13002605"
"HS1 2SJ",10,143318,932566,"S92000003","","S08000014","","S12000013","S13002605"
"HS1 2SL",10,143383,932648,"S92000003","","S08000014","","S12000013","S13002605"
"HS1 2SQ",10,143408,932598,"S92000003","","S08000014","","S12000013","S13002605"
"HS1 2SS",10,143652,932674,"S92000003","","S08000014","","S12000013","S13002605"
"HS1 2ST",10,143732,932919,"S92000003","","S08000014","","S12000013","S13002605"
"HS1 2SU",10,143867,932707,"S92000003","","S08000014","","S12000013","S13002605"
"HS1 2SX",10,143867,932623,"S92000003","","S08000014","","S12000013","S13002605"
"HS1 2TA",10,142825,933241,"S92000003","","S08000014","","S12000013","S13002605"
"HS1 2TB",10,142896,933297,"S92000003","","S08000014","","S12000013","S13002605"
"HS1 2TD",10,142932,933402,"S92000003","","S08000014","","S12000013","S13002605"
"HS1 2TE",10,143036,933487,"S92000003","","S08000014","","S12000013","S13002605"
"HS1 2TF",10,142976,933391,"S92000003","","S08000014","","S12000013","S13002605"
"HS1 2TG",10,143050,933419,"S92000003","","S08000014","","S12000013","S13002605"
"HS1 2TJ",10,142564,934275,"S92000003","","S08000014","","S12000013","S13002606"
"HS1 2TL",10,143230,933619,"S92000003","","S08000014","","S12000013","S13002606"
"HS1 2TN",10,143190,933610,"S92000003","","S08000014","","S12000013","S13002606"
"HS1 2TP",10,142815,933899,"S92000003","","S08000014","","S12000013","S13002606"
"HS1 2TQ",10,143102,933539,"S92000003","","S08000014","","S12000013","S13002606"
"HS1 2TR",10,142641,933965,"S92000003","","S08000014","","S12000013","S13002606"
"HS1 2TS",10,142504,934102,"S92000003","","S08000014","","S12000013","S13002606"
"HS1 2TT",10,142506,934222,"S92000003","","S08000014","","S12000013","S13002606"
"HS1 2TU",10,142306,934180,"S92000003","","S08000014","","S12000013","S13002606"
"HS1 2TW",10,143084,933748,"S92000003","","S08000014","","S12000013","S13002606"
"HS1 2TX",10,142364,934225,"S92000003","","S08000014","","S12000013","S13002606"
"HS1 2TY",10,142017,934348,"S92000003","","S08000014","","S12000013","S13002606"
"HS1 2TZ",10,142094,934309,"S92000003","","S08000014","","S12000013","S13002606"
"HS1 2UA",10,142148,934254,"S92000003","","S08000014","","S12000013","S13002606"
"HS1 2UB",10,142218,934282,"S92000003","","S08000014","","S12000013","S13002606"
"HS1 2UD",10,143317,933610,"S92000003","","S08000014","","S12000013","S13002606"
"HS1 2UE",10,143243,933930,"S92000003","","S08000014","","S12000013","S13002606"
"HS1 2UF",10,142955,934065,"S92000003","","S08000014","","S12000013","S13002606"
"HS1 2UG",10,142777,933953,"S92000003","","S08000014","","S12000013","S13002606"
"HS1 2UH",10,142096,934375,"S92000003","","S08000014","","S12000013","S13002606"
"HS1 2UJ",10,142166,934423,"S92000003","","S08000014","","S12000013","S13002606"
"HS1 2UL",10,143997,933235,"S92000003","","S08000014","","S12000013","S13002605"
"HS1 2UN",10,144012,933170,"S92000003","","S08000014","","S12000013","S13002605"
"HS1 2UP",10,143999,933144,"S92000003","","S08000014","","S12000013","S13002605"
"HS1 2UQ",10,142555,934125,"S92000003","","S08000014","","S12000013","S13002606"
"HS1 2UR",10,144118,933149,"S92000003","","S08000014","","S12000013","S13002605"
"HS1 2UT",10,143931,933305,"S92000003","","S08000014","","S12000013","S13002605"
"HS1 2UU",10,144069,933294,"S92000003","","S08000014","","S12000013","S13002605"
"HS1 2UX",10,144240,933058,"S92000003","","S08000014","","S12000013","S13002605"
"HS1 2UY",10,142678,934050,"S92000003","","S08000014","","S12000013","S13002606"
"HS1 2UZ",10,143987,933272,"S92000003","","S08000014","","S12000013","S13002605"
"HS1 2WS",10,142807,932745,"S92000003","","S08000014","","S12000013","S13002605"
"HS1 2WU",10,142807,932745,"S92000003","","S08000014","","S12000013","S13002605"
"HS1 2XA",10,142152,932786,"S92000003","","S08000014","","S12000013","S13002605"
"HS1 2XB",10,142429,932836,"S92000003","","S08000014","","S12000013","S13002605"
"HS1 2XD",10,142367,932798,"S92000003","","S08000014","","S12000013","S13002605"
"HS1 2XE",10,142353,932822,"S92000003","","S08000014","","S12000013","S13002605"
"HS1 2XF",10,142270,932775,"S92000003","","S08000014","","S12000013","S13002605"
"HS1 2XG",10,142266,932802,"S92000003","","S08000014","","S12000013","S13002605"
"HS1 2XH",10,142807,932745,"S92000003","","S08000014","","S12000013","S13002605"
"HS1 2XJ",10,142232,932803,"S92000003","","S08000014","","S12000013","S13002605"
"HS1 2XN",10,142132,932809,"S92000003","","S08000014","","S12000013","S13002605"
"HS1 2XP",10,142155,932800,"S92000003","","S08000014","","S12000013","S13002605"
"HS1 2XQ",10,142290,932826,"S92000003","","S08000014","","S12000013","S13002605"
"HS1 2XS",10,142128,932754,"S92000003","","S08000014","","S12000013","S13002605"
"HS1 2XT",10,142143,932672,"S92000003","","S08000014","","S12000013","S13002605"
"HS1 2XX",10,142163,932745,"S92000003","","S08000014","","S12000013","S13002605"
"HS1 2XY",10,142170,932764,"S92000003","","S08000014","","S12000013","S13002605"
"HS1 2YA",10,142750,934326,"S92000003","","S08000014","","S12000013","S13002606"
"HS1 2YB",10,142697,934275,"S92000003","","S08000014","","S12000013","S13002606"
"HS1 2YD",10,142533,934440,"S92000003","","S08000014","","S12000013","S13002606"
"HS1 2YE",10,142446,934453,"S92000003","","S08000014","","S12000013","S13002606"
"HS1 2YF",10,142387,934436,"S92000003","","S08000014","","S12000013","S13002606"
"HS1 2YG",10,142433,934327,"S92000003","","S08000014","","S12000013","S13002606"
"HS1 2YH",10,142500,934333,"S92000003","","S08000014","","S12000013","S13002606"
"HS1 2YJ",10,142419,934346,"S92000003","","S08000014","","S12000013","S13002606"
"HS1 2YL",10,142325,934347,"S92000003","","S08000014","","S12000013","S13002606"
"HS1 2YN",10,142204,934375,"S92000003","","S08000014","","S12000013","S13002606"
"HS1 2YP",10,142308,934424,"S92000003","","S08000014","","S12000013","S13002606"
"HS1 2YR",10,142632,934393,"S92000003","","S08000014","","S12000013","S13002606"
"HS1 2YS",10,142603,934299,"S92000003","","S08000014","","S12000013","S13002606"
"HS1 2YT",10,141996,934221,"S92000003","","S08000014","","S12000013","S13002606"
"HS1 2YU",10,142093,934148,"S92000003","","S08000014","","S12000013","S13002606"
"HS1 2YW",10,142300,934382,"S92000003","","S08000014","","S12000013","S13002606"
"HS1 2ZB",10,142807,932745,"S92000003","","S08000014","","S12000013","S13002605"
"HS1 9AA",10,142807,932745,"S92000003","","S08000014","","S12000013","S13002605"
"HS1 9AD",10,142807,932745,"S92000003","","S08000014","","S12000013","S13002605"
"HS1 9AE",10,142807,932745,"S92000003","","S08000014","","S12000013","S13002605"
"HS1 9AH",10,142807,932745,"S92000003","","S08000014","","S12000013","S13002605"
"HS2 0AA",10,144666,933834,"S92000003","","S08000014","","S12000013","S13002605"
"HS2 0AB",10,145471,933184,"S92000003","","S08000014","","S12000013","S13002605"
"HS2 0AD",10,144415,932633,"S92000003","","S08000014","","S12000013","S13002605"
"HS2 0AE",10,144065,931974,"S92000003","","S08000014","","S12000013","S13002605"
"HS2 0AG",10,144438,932218,"S92000003","","S08000014","","S12000013","S13002605"
"HS2 0AH",10,144967,930928,"S92000003","","S08000014","","S12000013","S13002605"
"HS2 0AL",10,144764,932254,"S92000003","","S08000014","","S12000013","S13002605"
"HS2 0AN",10,144894,931944,"S92000003","","S08000014","","S12000013","S13002605"
"HS2 0AP",10,144443,931976,"S92000003","","S08000014","","S12000013","S13002605"
"HS2 0AQ",10,144232,931185,"S92000003","","S08000014","","S12000013","S13002605"
"HS2 0AR",10,145061,931979,"S92000003","","S08000014","","S12000013","S13002605"
"HS2 0AS",10,145174,931968,"S92000003","","S08000014","","S12000013","S13002605"
"HS2 0AT",10,145084,931898,"S92000003","","S08000014","","S12000013","S13002605"
"HS2 0AU",10,145121,931867,"S92000003","","S08000014","","S12000013","S13002605"
"HS2 0AW",10,145134,932260,"S92000003","","S08000014","","S12000013","S13002605"
"HS2 0AX",10,145042,931874,"S92000003","","S08000014","","S12000013","S13002605"
"HS2 0AY",10,145238,931888,"S92000003","","S08000014","","S12000013","S13002605"
"HS2 0AZ",10,145698,931468,"S92000003","","S08000014","","S12000013","S13002605"
"HS2 0BB",10,146558,932684,"S92000003","","S08000014","","S12000013","S13002604"
"HS2 0BD",10,146306,932668,"S92000003","","S08000014","","S12000013","S13002604"
"HS2 0BG",10,146550,932766,"S92000003","","S08000014","","S12000013","S13002604"
"HS2 0BN",10,146264,933172,"S92000003","","S08000014","","S12000013","S13002604"
"HS2 0BP",10,149468,930786,"S92000003","","S08000014","","S12000013","S13002604"
"HS2 0BQ",10,146795,932130,"S92000003","","S08000014","","S12000013","S13002604"
"HS2 0BR",10,141082,933953,"S92000003","","S08000014","","S12000013","S13002606"
"HS2 0BS",10,149586,932127,"S92000003","","S08000014","","S12000013","S13002604"
"HS2 0BT",10,141017,934045,"S92000003","","S08000014","","S12000013","S13002606"
"HS2 0BW",10,149300,931687,"S92000003","","S08000014","","S12000013","S13002604"
"HS2 0DB",10,141304,934035,"S92000003","","S08000014","","S12000013","S13002606"
"HS2 0DD",10,140975,933697,"S92000003","","S08000014","","S12000013","S13002606"
"HS2 0DE",10,140660,933503,"S92000003","","S08000014","","S12000013","S13002606"
"HS2 0DF",10,140784,933940,"S92000003","","S08000014","","S12000013","S13002606"
"HS2 0DG",10,140761,934003,"S92000003","","S08000014","","S12000013","S13002606"
"HS2 0DH",10,140959,934295,"S92000003","","S08000014","","S12000013","S13002606"
"HS2 0DJ",10,140476,933999,"S92000003","","S08000014","","S12000013","S13002606"
"HS2 0DL",10,140749,934247,"S92000003","","S08000014","","S12000013","S13002606"
"HS2 0DN",10,141324,934691,"S92000003","","S08000014","","S12000013","S13002606"
"HS2 0DP",10,142053,934688,"S92000003","","S08000014","","S12000013","S13002606"
"HS2 0DR",10,142216,934915,"S92000003","","S08000014","","S12000013","S13002606"
"HS2 0DS",10,142519,934741,"S92000003","","S08000014","","S12000013","S13002606"
"HS2 0DT",10,142683,935255,"S92000003","","S08000014","","S12000013","S13002606"
"HS2 0DU",10,142854,935996,"S92000003","","S08000014","","S12000013","S13002606"
"HS2 0DW",10,141382,935162,"S92000003","","S08000014","","S12000013","S13002606"
"HS2 0DX",10,141182,934054,"S92000003","","S08000014","","S12000013","S13002606"
"HS2 0DY",10,142406,935374,"S92000003","","S08000014","","S12000013","S13002606"
"HS2 0DZ",10,141806,935607,"S92000003","","S08000014","","S12000013","S13002606"
"HS2 0EA",10,142171,936033,"S92000003","","S08000014","","S12000013","S13002606"
"HS2 0EB",10,142416,935853,"S92000003","","S08000014","","S12000013","S13002606"
"HS2 0ED",10,142396,936605,"S92000003","","S08000014","","S12000013","S13002606"
"HS2 0EE",10,141842,937327,"S92000003","","S08000014","","S12000013","S13002607"
"HS2 0EF",10,142025,937149,"S92000003","","S08000014","","S12000013","S13002607"
"HS2 0EG",10,142616,934533,"S92000003","","S08000014","","S12000013","S13002606"
"HS2 0EH",10,140998,934177,"S92000003","","S08000014","","S12000013","S13002606"
"HS2 0EJ",10,141993,937461,"S92000003","","S08000014","","S12000013","S13002607"
"HS2 0EL",10,140680,933397,"S92000003","","S08000014","","S12000013","S13002606"
"HS2 0EP",10,155636,935699,"S92000003","","S08000014","","S12000013","S13002604"
"HS2 0ER",10,155640,935642,"S92000003","","S08000014","","S12000013","S13002604"
"HS2 0ES",10,155643,935612,"S92000003","","S08000014","","S12000013","S13002604"
"HS2 0EU",10,155972,935773,"S92000003","","S08000014","","S12000013","S13002604"
"HS2 0EW",10,155275,934129,"S92000003","","S08000014","","S12000013","S13002604"
"HS2 0EX",10,155765,935988,"S92000003","","S08000014","","S12000013","S13002604"
"HS2 0EY",10,155891,936276,"S92000003","","S08000014","","S12000013","S13002604"
"HS2 0EZ",10,155933,936611,"S92000003","","S08000014","","S12000013","S13002604"
"HS2 0FS",10,142737,934636,"S92000003","","S08000014","","S12000013","S13002606"
"HS2 0GS",10,142688,934557,"S92000003","","S08000014","","S12000013","S13002606"
"HS2 0GT",10,142610,935264,"S92000003","","S08000014","","S12000013","S13002606"
"HS2 0HA",10,156362,936595,"S92000003","","S08000014","","S12000013","S13002604"
"HS2 0HB",10,157311,937710,"S92000003","","S08000014","","S12000013","S13002604"
"HS2 0HD",10,155893,937418,"S92000003","","S08000014","","S12000013","S13002604"
"HS2 0HE",10,155369,936657,"S92000003","","S08000014","","S12000013","S13002604"
"HS2 0HF",10,146065,936755,"S92000003","","S08000014","","S12000013","S13002607"
"HS2 0HJ",10,144977,936764,"S92000003","","S08000014","","S12000013","S13002607"
"HS2 0HL",10,144747,936576,"S92000003","","S08000014","","S12000013","S13002607"
"HS2 0HP",10,144668,936704,"S92000003","","S08000014","","S12000013","S13002607"
"HS2 0HR",10,144513,936863,"S92000003","","S08000014","","S12000013","S13002607"
"HS2 0HS",10,145173,936574,"S92000003","","S08000014","","S12000013","S13002607"
"HS2 0HT",10,145998,936795,"S92000003","","S08000014","","S12000013","S13002607"
"HS2 0HU",10,145671,936967,"S92000003","","S08000014","","S12000013","S13002607"
"HS2 0HW",10,144595,936710,"S92000003","","S08000014","","S12000013","S13002607"
"HS2 0HX",10,145173,937009,"S92000003","","S08000014","","S12000013","S13002607"
"HS2 0HY",10,144780,936288,"S92000003","","S08000014","","S12000013","S13002607"
"HS2 0HZ",10,144682,936064,"S92000003","","S08000014","","S12000013","S13002607"
"HS2 0JA",10,144648,936199,"S92000003","","S08000014","","S12000013","S13002607"
"HS2 0JB",10,144613,936215,"S92000003","","S08000014","","S12000013","S13002607"
"HS2 0JD",10,144568,936841,"S92000003","","S08000014","","S12000013","S13002607"
"HS2 0JF",10,144484,936578,"S92000003","","S08000014","","S12000013","S13002607"
"HS2 0JG",10,144682,936935,"S92000003","","S08000014","","S12000013","S13002607"
"HS2 0JH",10,156801,936832,"S92000003","","S08000014","","S12000013","S13002604"
"HS2 0JN",10,147644,939862,"S92000003","","S08000014","","S12000013","S13002607"
"HS2 0JP",10,147481,939837,"S92000003","","S08000014","","S12000013","S13002607"
"HS2 0JR",10,147645,939589,"S92000003","","S08000014","","S12000013","S13002607"
"HS2 0JS",10,148265,939732,"S92000003","","S08000014","","S12000013","S13002607"
"HS2 0JT",10,148113,939734,"S92000003","","S08000014","","S12000013","S13002607"
"HS2 0JY",10,147843,939951,"S92000003","","S08000014","","S12000013","S13002607"
"HS2 0JZ",10,147631,940041,"S92000003","","S08000014","","S12000013","S13002607"
"HS2 0LA",10,147929,940088,"S92000003","","S08000014","","S12000013","S13002607"
"HS2 0LB",10,147976,940366,"S92000003","","S08000014","","S12000013","S13002607"
"HS2 0LD",10,147829,941009,"S92000003","","S08000014","","S12000013","S13002607"
"HS2 0LE",10,148332,940067,"S92000003","","S08000014","","S12000013","S13002607"
"HS2 0LF",10,147944,940649,"S92000003","","S08000014","","S12000013","S13002607"
"HS2 0LH",10,147811,941387,"S92000003","","S08000014","","S12000013","S13002607"
"HS2 0LJ",10,148601,940093,"S92000003","","S08000014","","S12000013","S13002607"
"HS2 0LN",10,148387,940095,"S92000003","","S08000014","","S12000013","S13002607"
"HS2 0LP",10,146758,940274,"S92000003","","S08000014","","S12000013","S13002607"
"HS2 0LQ",10,148476,940676,"S92000003","","S08000014","","S12000013","S13002607"
"HS2 0LR",10,146432,940021,"S92000003","","S08000014","","S12000013","S13002607"
"HS2 0LS",10,146006,939208,"S92000003","","S08000014","","S12000013","S13002607"
"HS2 0LT",10,145965,937969,"S92000003","","S08000014","","S12000013","S13002607"
"HS2 0LW",10,145746,937931,"S92000003","","S08000014","","S12000013","S13002607"
"HS2 0NA",10,149053,940578,"S92000003","","S08000014","","S12000013","S13002607"
"HS2 0NB",10,149306,942240,"S92000003","","S08000014","","S12000013","S13002607"
"HS2 0ND",10,152372,944660,"S92000003","","S08000014","","S12000013","S13002607"
"HS2 0NE",10,153516,947508,"S92000003","","S08000014","","S12000013","S13002607"
"HS2 0NF",10,153031,946563,"S92000003","","S08000014","","S12000013","S13002607"
"HS2 0NG",10,153322,946947,"S92000003","","S08000014","","S12000013","S13002607"
"HS2 0NH",10,153533,947460,"S92000003","","S08000014","","S12000013","S13002607"
"HS2 0NJ",10,153799,947075,"S92000003","","S08000014","","S12000013","S13002607"
"HS2 0NL",10,153645,947679,"S92000003","","S08000014","","S12000013","S13002607"
"HS2 0NN",10,153348,948366,"S92000003","","S08000014","","S12000013","S13002607"
"HS2 0NP",10,153885,946487,"S92000003","","S08000014","","S12000013","S13002607"
"HS2 0NQ",10,154191,946761,"S92000003","","S08000014","","S12000013","S13002607"
"HS2 0NR",10,154137,946775,"S92000003","","S08000014","","S12000013","S13002607"
"HS2 0NT",10,154453,946793,"S92000003","","S08000014","","S12000013","S13002607"
"HS2 0NW",10,153994,947131,"S92000003","","S08000014","","S12000013","S13002607"
"HS2 0PA",10,148411,932019,"S92000003","","S08000014","","S12000013","S13002604"
"HS2 0PB",10,148882,932345,"S92000003","","S08000014","","S12000013","S13002604"
"HS2 0PD",10,149882,932307,"S92000003","","S08000014","","S12000013","S13002604"
"HS2 0PE",10,150464,932408,"S92000003","","S08000014","","S12000013","S13002604"
"HS2 0PF",10,150376,932445,"S92000003","","S08000014","","S12000013","S13002604"
"HS2 0PH",10,150606,932606,"S92000003","","S08000014","","S12000013","S13002604"
"HS2 0PJ",10,150659,932933,"S92000003","","S08000014","","S12000013","S13002604"
"HS2 0PL",10,151399,933154,"S92000003","","S08000014","","S12000013","S13002604"
"HS2 0PN",10,150777,933333,"S92000003","","S08000014","","S12000013","S13002604"
"HS2 0PP",10,153145,934726,"S92000003","","S08000014","","S12000013","S13002604"
"HS2 0PQ",10,150552,932450,"S92000003","","S08000014","","S12000013","S13002604"
"HS2 0PR",10,150927,933119,"S92000003","","S08000014","","S12000013","S13002604"
"HS2 0PS",10,152075,933573,"S92000003","","S08000014","","S12000013","S13002604"
"HS2 0PT",10,153581,934974,"S92000003","","S08000014","","S12000013","S13002604"
"HS2 0PU",10,153539,935071,"S92000003","","S08000014","","S12000013","S13002604"
"HS2 0PW",10,151766,933505,"S92000003","","S08000014","","S12000013","S13002604"
"HS2 0PX",10,151532,932891,"S92000003","","S08000014","","S12000013","S13002604"
"HS2 0PY",10,151984,933429,"S92000003","","S08000014","","S12000013","S13002604"
"HS2 0PZ",10,153191,934653,"S92000003","","S08000014","","S12000013","S13002604"
"HS2 0QA",10,152190,931619,"S92000003","","S08000014","","S12000013","S13002604"
"HS2 0QB",10,151827,931148,"S92000003","","S08000014","","S12000013","S13002604"
"HS2 0QD",10,152241,930616,"S92000003","","S08000014","","S12000013","S13002604"
"HS2 0QE",10,152158,931620,"S92000003","","S08000014","","S12000013","S13002604"
"HS2 0QF",10,151689,931466,"S92000003","","S08000014","","S12000013","S13002604"
"HS2 0QG",10,152529,932180,"S92000003","","S08000014","","S12000013","S13002604"
"HS2 0QH",10,153288,931833,"S92000003","","S08000014","","S12000013","S13002604"
"HS2 0QN",10,135364,948910,"S92000003","","S08000014","","S12000013","S13002608"
"HS2 0QQ",10,152603,932211,"S92000003","","S08000014","","S12000013","S13002604"
"HS2 0QR",10,135184,949929,"S92000003","","S08000014","","S12000013","S13002608"
"HS2 0QS",10,135526,949450,"S92000003","","S08000014","","S12000013","S13002608"
"HS2 0QW",10,133761,949819,"S92000003","","S08000014","","S12000013","S13002608"
"HS2 0QX",10,136506,950835,"S92000003","","S08000014","","S12000013","S13002608"
"HS2 0QY",10,136103,949848,"S92000003","","S08000014","","S12000013","S13002608"
"HS2 0QZ",10,136053,949051,"S92000003","","S08000014","","S12000013","S13002608"
"HS2 0RA",10,135816,948797,"S92000003","","S08000014","","S12000013","S13002608"
"HS2 0RB",10,136056,948604,"S92000003","","S08000014","","S12000013","S13002608"
"HS2 0RG",10,138021,953613,"S92000003","","S08000014","","S12000013","S13002608"
"HS2 0RH",10,139045,954797,"S92000003","","S08000014","","S12000013","S13002608"
"HS2 0RJ",10,139345,954863,"S92000003","","S08000014","","S12000013","S13002608"
"HS2 0RL",10,139535,954758,"S92000003","","S08000014","","S12000013","S13002608"
"HS2 0RQ",10,138540,954251,"S92000003","","S08000014","","S12000013","S13002608"
"HS2 0RR",10,141530,957233,"S92000003","","S08000014","","S12000013","S13002608"
"HS2 0RS",10,141462,956550,"S92000003","","S08000014","","S12000013","S13002608"
"HS2 0RT",10,140929,955826,"S92000003","","S08000014","","S12000013","S13002608"
"HS2 0RU",10,141134,955981,"S92000003","","S08000014","","S12000013","S13002608"
"HS2 0RX",10,140728,955976,"S92000003","","S08000014","","S12000013","S13002608"
"HS2 0RY",10,140657,955504,"S92000003","","S08000014","","S12000013","S13002608"
"HS2 0RZ",10,139867,955710,"S92000003","","S08000014","","S12000013","S13002608"
"HS2 0SD",10,141476,937362,"S92000003","","S08000014","","S12000013","S13002607"
"HS2 0SG",10,143221,957914,"S92000003","","S08000014","","S12000013","S13002608"
"HS2 0SH",10,143763,958720,"S92000003","","S08000014","","S12000013","S13002608"
"HS2 0SJ",10,144579,958957,"S92000003","","S08000014","","S12000013","S13002608"
"HS2 0SN",10,150341,961803,"S92000003","","S08000014","","S12000013","S13002608"
"HS2 0SP",10,148608,961398,"S92000003","","S08000014","","S12000013","S13002608"
"HS2 0SR",10,147743,961961,"S92000003","","S08000014","","S12000013","S13002608"
"HS2 0ST",10,148428,961310,"S92000003","","S08000014","","S12000013","S13002608"
"HS2 0SU",10,150192,961489,"S92000003","","S08000014","","S12000013","S13002608"
"HS2 0SW",10,149799,961452,"S92000003","","S08000014","","S12000013","S13002608"
"HS2 0SY",10,150515,961897,"S92000003","","S08000014","","S12000013","S13002608"
"HS2 0SZ",10,150680,962133,"S92000003","","S08000014","","S12000013","S13002608"
"HS2 0TA",10,151264,962635,"S92000003","","S08000014","","S12000013","S13002608"
"HS2 0TB",10,151380,962115,"S92000003","","S08000014","","S12000013","S13002608"
"HS2 0TD",10,151077,961965,"S92000003","","S08000014","","S12000013","S13002608"
"HS2 0TG",10,152038,963047,"S92000003","","S08000014","","S12000013","S13002608"
"HS2 0TH",10,152951,962330,"S92000003","","S08000014","","S12000013","S13002608"
"HS2 0TJ",10,152958,963017,"S92000003","","S08000014","","S12000013","S13002608"
"HS2 0TL",10,153032,962961,"S92000003","","S08000014","","S12000013","S13002608"
"HS2 0TN",10,152890,963147,"S92000003","","S08000014","","S12000013","S13002608"
"HS2 0TQ",10,152216,962313,"S92000003","","S08000014","","S12000013","S13002608"
"HS2 0TR",10,153604,962635,"S92000003","","S08000014","","S12000013","S13002608"
"HS2 0TS",10,154168,961573,"S92000003","","S08000014","","S12000013","S13002608"
"HS2 0TW",10,153535,962669,"S92000003","","S08000014","","S12000013","S13002608"
"HS2 0TX",10,154717,961872,"S92000003","","S08000014","","S12000013","S13002608"
"HS2 0XA",10,153544,963774,"S92000003","","S08000014","","S12000013","S13002608"
"HS2 0XB",10,152855,963480,"S92000003","","S08000014","","S12000013","S13002608"
"HS2 0XD",10,152403,963970,"S92000003","","S08000014","","S12000013","S13002608"
"HS2 0XF",10,153076,964475,"S92000003","","S08000014","","S12000013","S13002608"
"HS2 0XG",10,152363,964792,"S92000003","","S08000014","","S12000013","S13002608"
"HS2 0XH",10,151696,965023,"S92000003","","S08000014","","S12000013","S13002608"
"HS2 0XJ",10,153177,963137,"S92000003","","S08000014","","S12000013","S13002608"
"HS2 0XP",10,141940,933663,"S92000003","","S08000014","","S12000013","S13002606"
"HS2 0XR",10,141875,933342,"S92000003","","S08000014","","S12000013","S13002606"
"HS2 0XS",10,141481,933608,"S92000003","","S08000014","","S12000013","S13002606"
"HS2 9AA",10,119636,940604,"S92000003","","S08000014","","S12000013","S13002603"
"HS2 9AD",10,121997,944446,"S92000003","","S08000014","","S12000013","S13002603"
"HS2 9AE",10,123094,945433,"S92000003","","S08000014","","S12000013","S13002608"
"HS2 9AG",10,120742,943018,"S92000003","","S08000014","","S12000013","S13002603"
"HS2 9AH",10,121148,942682,"S92000003","","S08000014","","S12000013","S13002603"
"HS2 9AJ",10,119982,943719,"S92000003","","S08000014","","S12000013","S13002603"
"HS2 9AL",10,119782,944002,"S92000003","","S08000014","","S12000013","S13002603"
"HS2 9AN",10,120038,943752,"S92000003","","S08000014","","S12000013","S13002603"
"HS2 9AP",10,119148,942552,"S92000003","","S08000014","","S12000013","S13002603"
"HS2 9AQ",10,121849,942840,"S92000003","","S08000014","","S12000013","S13002603"
"HS2 9AU",10,120746,942269,"S92000003","","S08000014","","S12000013","S13002603"
"HS2 9AW",10,119965,942767,"S92000003","","S08000014","","S12000013","S13002603"
"HS2 9AX",10,121228,941735,"S92000003","","S08000014","","S12000013","S13002603"
"HS2 9AY",10,119631,941812,"S92000003","","S08000014","","S12000013","S13002603"
"HS2 9AZ",10,119027,941141,"S92000003","","S08000014","","S12000013","S13002603"
"HS2 9BD",10,126793,947456,"S92000003","","S08000014","","S12000013","S13002608"
"HS2 9BE",10,126645,947076,"S92000003","","S08000014","","S12000013","S13002608"
"HS2 9BG",10,126345,946250,"S92000003","","S08000014","","S12000013","S13002608"
"HS2 9BJ",10,124996,946805,"S92000003","","S08000014","","S12000013","S13002608"
"HS2 9BL",10,125335,945794,"S92000003","","S08000014","","S12000013","S13002608"
"HS2 9BP",10,126849,948590,"S92000003","","S08000014","","S12000013","S13002608"
"HS2 9BQ",10,126001,947164,"S92000003","","S08000014","","S12000013","S13002608"
"HS2 9BW",10,126779,947802,"S92000003","","S08000014","","S12000013","S13002608"
"HS2 9DA",10,129594,947875,"S92000003","","S08000014","","S12000013","S13002608"
"HS2 9DB",10,131174,948505,"S92000003","","S08000014","","S12000013","S13002608"
"HS2 9DD",10,128760,947714,"S92000003","","S08000014","","S12000013","S13002608"
"HS2 9DE",10,128758,947589,"S92000003","","S08000014","","S12000013","S13002608"
"HS2 9DF",10,128822,947680,"S92000003","","S08000014","","S12000013","S13002608"
"HS2 9DG",10,128817,947641,"S92000003","","S08000014","","S12000013","S13002608"
"HS2 9DH",10,127771,948553,"S92000003","","S08000014","","S12000013","S13002608"
"HS2 9DJ",10,131214,948834,"S92000003","","S08000014","","S12000013","S13002608"
"HS2 9DQ",10,128707,947497,"S92000003","","S08000014","","S12000013","S13002608"
"HS2 9DR",10,120952,931985,"S92000003","","S08000014","","S12000013","S13002603"
"HS2 9DS",10,123501,931967,"S92000003","","S08000014","","S12000013","S13002603"
"HS2 9DT",10,129145,929839,"S92000003","","S08000014","","S12000013","S13002603"
"HS2 9DU",10,131345,929229,"S92000003","","S08000014","","S12000013","S13002603"
"HS2 9DW",10,119509,938098,"S92000003","","S08000014","","S12000013","S13002603"
"HS2 9DX",10,121858,933576,"S92000003","","S08000014","","S12000013","S13002603"
"HS2 9DY",10,121802,933187,"S92000003","","S08000014","","S12000013","S13002603"
"HS2 9DZ",10,121839,934451,"S92000003","","S08000014","","S12000013","S13002603"
"HS2 9EA",10,121552,934970,"S92000003","","S08000014","","S12000013","S13002603"
"HS2 9ED",10,121488,935112,"S92000003","","S08000014","","S12000013","S13002603"
"HS2 9EF",10,121328,935613,"S92000003","","S08000014","","S12000013","S13002603"
"HS2 9EJ",10,121678,930202,"S92000003","","S08000014","","S12000013","S13002603"
"HS2 9EL",10,113494,927180,"S92000003","","S08000014","","S12000013","S13002603"
"HS2 9EN",10,113967,923789,"S92000003","","S08000014","","S12000013","S13002603"
"HS2 9EP",10,111249,930411,"S92000003","","S08000014","","S12000013","S13002603"
"HS2 9ER",10,109985,933033,"S92000003","","S08000014","","S12000013","S13002603"
"HS2 9ET",10,105695,933418,"S92000003","","S08000014","","S12000013","S13002603"
"HS2 9EU",10,104580,932154,"S92000003","","S08000014","","S12000013","S13002603"
"HS2 9EW",10,112902,925717,"S92000003","","S08000014","","S12000013","S13002603"
"HS2 9EX",10,103306,931972,"S92000003","","S08000014","","S12000013","S13002603"
"HS2 9EY",10,100985,931438,"S92000003","","S08000014","","S12000013","S13002603"
"HS2 9HA",10,99292,927556,"S92000003","","S08000014","","S12000013","S13002603"
"HS2 9HB",10,99208,925846,"S92000003","","S08000014","","S12000013","S13002603"
"HS2 9HE",10,109053,934329,"S92000003","","S08000014","","S12000013","S13002603"
"HS2 9HH",10,112210,928316,"S92000003","","S08000014","","S12000013","S13002603"
"HS2 9HJ",10,112502,929770,"S92000003","","S08000014","","S12000013","S13002603"
"HS2 9HL",10,111666,931889,"S92000003","","S08000014","","S12000013","S13002603"
"HS2 9HP",10,108236,935970,"S92000003","","S08000014","","S12000013","S13002603"
"HS2 9HR",10,109240,936824,"S92000003","","S08000014","","S12000013","S13002603"
"HS2 9HS",10,109651,936523,"S92000003","","S08000014","","S12000013","S13002603"
"HS2 9HU",10,110818,934555,"S92000003","","S08000014","","S12000013","S13002603"
"HS2 9HW",10,108660,934874,"S92000003","","S08000014","","S12000013","S13002603"
"HS2 9HX",10,109494,934462,"S92000003","","S08000014","","S12000013","S13002603"
"HS2 9JA",10,104917,938060,"S92000003","","S08000014","","S12000013","S13002603"
"HS2 9JB",10,139719,931395,"S92000003","","S08000014","","S12000013","S13002603"
"HS2 9JD",10,105446,934061,"S92000003","","S08000014","","S12000013","S13002603"
"HS2 9JE",10,105571,934409,"S92000003","","S08000014","","S12000013","S13002603"
"HS2 9JF",10,104086,933787,"S92000003","","S08000014","","S12000013","S13002603"
"HS2 9JG",10,105731,934441,"S92000003","","S08000014","","S12000013","S13002603"
"HS2 9JH",10,113628,922525,"S92000003","","S08000014","","S12000013","S13002603"
"HS2 9JL",10,119603,911870,"S92000003","","S08000014","","S12000013","S13002602"
"HS2 9JN",10,140159,932196,"S92000003","","S08000014","","S12000013","S13002603"
"HS2 9JP",10,135194,926953,"S92000003","","S08000014","","S12000013","S13002603"
"HS2 9JR",10,134842,924727,"S92000003","","S08000014","","S12000013","S13002603"
"HS2 9JT",10,135493,921589,"S92000003","","S08000014","","S12000013","S13002603"
"HS2 9JW",10,138346,930501,"S92000003","","S08000014","","S12000013","S13002603"
"HS2 9JX",10,136241,921855,"S92000003","","S08000014","","S12000013","S13002603"
"HS2 9JY",10,142943,930622,"S92000003","","S08000014","","S12000013","S13002603"
"HS2 9LA",10,132055,921998,"S92000003","","S08000014","","S12000013","S13002603"
"HS2 9LE",10,124457,917341,"S92000003","","S08000014","","S12000013","S13002603"
"HS2 9LG",10,128167,916673,"S92000003","","S08000014","","S12000013","S13002602"
"HS2 9LN",10,118469,932792,"S92000003","","S08000014","","S12000013","S13002603"
"HS2 9LP",10,116363,933894,"S92000003","","S08000014","","S12000013","S13002603"
"HS2 9LQ",10,132631,912027,"S92000003","","S08000014","","S12000013","S13002602"
"HS2 9LS",10,116734,934536,"S92000003","","S08000014","","S12000013","S13002603"
"HS2 9LT",10,115950,936872,"S92000003","","S08000014","","S12000013","S13002603"
"HS2 9LU",10,116088,936319,"S92000003","","S08000014","","S12000013","S13002603"
"HS2 9LW",10,117519,933503,"S92000003","","S08000014","","S12000013","S13002603"
"HS2 9LX",10,118797,934740,"S92000003","","S08000014","","S12000013","S13002603"
"HS2 9LY",10,118304,934282,"S92000003","","S08000014","","S12000013","S13002603"
"HS2 9LZ",10,115232,939824,"S92000003","","S08000014","","S12000013","S13002603"
"HS2 9NA",10,114114,938499,"S92000003","","S08000014","","S12000013","S13002603"
"HS2 9NB",10,114849,936391,"S92000003","","S08000014","","S12000013","S13002603"
"HS2 9ND",10,115178,934745,"S92000003","","S08000014","","S12000013","S13002603"
"HS2 9NF",10,136972,929032,"S92000003","","S08000014","","S12000013","S13002603"
"HS2 9NG",10,137899,925811,"S92000003","","S08000014","","S12000013","S13002603"
"HS2 9NH",10,140140,926173,"S92000003","","S08000014","","S12000013","S13002603"
"HS2 9NJ",10,139305,927445,"S92000003","","S08000014","","S12000013","S13002603"
"HS2 9NL",10,139191,925314,"S92000003","","S08000014","","S12000013","S13002603"
"HS2 9NN",10,140474,924891,"S92000003","","S08000014","","S12000013","S13002603"
"HS2 9NP",10,139380,924599,"S92000003","","S08000014","","S12000013","S13002603"
"HS2 9NR",10,136899,925967,"S92000003","","S08000014","","S12000013","S13002603"
"HS2 9NS",10,137898,925679,"S92000003","","S08000014","","S12000013","S13002603"
"HS2 9NT",10,137849,925966,"S92000003","","S08000014","","S12000013","S13002603"
"HS2 9NU",10,137397,925849,"S92000003","","S08000014","","S12000013","S13002603"
"HS2 9NW",10,139420,925145,"S92000003","","S08000014","","S12000013","S13002603"
"HS2 9NX",10,135953,926025,"S92000003","","S08000014","","S12000013","S13002603"
"HS2 9NY",10,135461,926559,"S92000003","","S08000014","","S12000013","S13002603"
"HS2 9PA",10,135298,926808,"S92000003","","S08000014","","S12000013","S13002603"
"HS2 9PB",10,135394,927345,"S92000003","","S08000014","","S12000013","S13002603"
"HS2 9PE",10,135542,927460,"S92000003","","S08000014","","S12000013","S13002603"
"HS2 9PJ",10,133313,921678,"S92000003","","S08000014","","S12000013","S13002603"
"HS2 9PN",10,129436,920792,"S92000003","","S08000014","","S12000013","S13002603"
"HS2 9PP",10,128557,920791,"S92000003","","S08000014","","S12000013","S13002603"
"HS2 9PR",10,128695,920801,"S92000003","","S08000014","","S12000013","S13002603"
"HS2 9PS",10,128565,920680,"S92000003","","S08000014","","S12000013","S13002603"
"HS2 9PT",10,127909,920520,"S92000003","","S08000014","","S12000013","S13002603"
"HS2 9PW",10,130197,921245,"S92000003","","S08000014","","S12000013","S13002603"
"HS2 9PX",10,126957,920314,"S92000003","","S08000014","","S12000013","S13002603"
"HS2 9QA",10,134016,920040,"S92000003","","S08000014","","S12000013","S13002602"
"HS2 9QB",10,132638,919646,"S92000003","","S08000014","","S12000013","S13002602"
"HS2 9QD",10,136150,919998,"S92000003","","S08000014","","S12000013","S13002602"
"HS2 9QE",10,136609,919961,"S92000003","","S08000014","","S12000013","S13002602"
"HS2 9QH",10,139944,921170,"S92000003","","S08000014","","S12000013","S13002602"
"HS2 9QJ",10,139320,920285,"S92000003","","S08000014","","S12000013","S13002602"
"HS2 9QL",10,138841,919881,"S92000003","","S08000014","","S12000013","S13002602"
"HS2 9QP",10,141255,918919,"S92000003","","S08000014","","S12000013","S13002602"
"HS2 9QR",10,141534,917324,"S92000003","","S08000014","","S12000013","S13002602"
"HS2 9QU",10,137836,915952,"S92000003","","S08000014","","S12000013","S13002602"
"HS2 9QX",10,138749,915208,"S92000003","","S08000014","","S12000013","S13002602"
"HS2 9QY",10,136833,915805,"S92000003","","S08000014","","S12000013","S13002602"
"HS2 9QZ",10,137743,915943,"S92000003","","S08000014","","S12000013","S13002602"
"HS2 9RA",10,128023,919589,"S92000003","","S08000014","","S12000013","S13002602"
"HS2 9RD",10,138029,911723,"S92000003","","S08000014","","S12000013","S13002602"
"HS2 9RE",10,137831,912140,"S92000003","","S08000014","","S12000013","S13002602"
"HS2 9RF",10,137741,912136,"S92000003","","S08000014","","S12000013","S13002602"
"HS2 9RG",10,136537,912005,"S92000003","","S08000014","","S12000013","S13002602"
"HS2 9WZ",10,127689,920494,"S92000003","","S08000014","","S12000013","S13002603"
"HS2 9YB",10,127689,920494,"S92000003","","S08000014","","S12000013","S13002603"
"HS3 3AA",10,119168,910250,"S92000003","","S08000014","","S12000013","S13002602"
"HS3 3AB",10,119145,911313,"S92000003","","S08000014","","S12000013","S13002602"
"HS3 3AD",10,119308,911823,"S92000003","","S08000014","","S12000013","S13002602"
"HS3 3AG",10,120069,906006,"S92000003","","S08000014","","S12000013","S13002602"
"HS3 3AH",10,113767,901243,"S92000003","","S08000014","","S12000013","S13002602"
"HS3 3AJ",10,112996,902708,"S92000003","","S08000014","","S12000013","S13002602"
"HS3 3AL",10,113108,904181,"S92000003","","S08000014","","S12000013","S13002602"
"HS3 3AP",10,113786,903506,"S92000003","","S08000014","","S12000013","S13002602"
"HS3 3AQ",10,120342,905423,"S92000003","","S08000014","","S12000013","S13002602"
"HS3 3AR",10,107328,906609,"S92000003","","S08000014","","S12000013","S13002602"
"HS3 3AS",10,104700,908003,"S92000003","","S08000014","","S12000013","S13002602"
"HS3 3AT",10,101062,909250,"S92000003","","S08000014","","S12000013","S13002602"
"HS3 3AU",10,107280,906707,"S92000003","","S08000014","","S12000013","S13002602"
"HS3 3AW",10,109512,905796,"S92000003","","S08000014","","S12000013","S13002602"
"HS3 3AX",10,99802,911329,"S92000003","","S08000014","","S12000013","S13002602"
"HS3 3AY",10,98971,912015,"S92000003","","S08000014","","S12000013","S13002602"
"HS3 3BD",10,122846,901786,"S92000003","","S08000014","","S12000013","S13002602"
"HS3 3BG",10,114916,900416,"S92000003","","S08000014","","S12000013","S13002602"
"HS3 3BH",10,115041,900304,"S92000003","","S08000014","","S12000013","S13002602"
"HS3 3BJ",10,114810,900535,"S92000003","","S08000014","","S12000013","S13002602"
"HS3 3BL",10,116417,900014,"S92000003","","S08000014","","S12000013","S13002602"
"HS3 3BP",10,119548,898531,"S92000003","","S08000014","","S12000013","S13002602"
"HS3 3BQ",10,114899,900216,"S92000003","","S08000014","","S12000013","S13002602"
"HS3 3BS",10,121382,898041,"S92000003","","S08000014","","S12000013","S13002602"
"HS3 3BW",10,117349,899965,"S92000003","","S08000014","","S12000013","S13002602"
"HS3 3DA",10,116233,900010,"S92000003","","S08000014","","S12000013","S13002602"
"HS3 3DB",10,115916,899959,"S92000003","","S08000014","","S12000013","S13002602"
"HS3 3DD",10,115972,900089,"S92000003","","S08000014","","S12000013","S13002602"
"HS3 3DE",10,116019,900087,"S92000003","","S08000014","","S12000013","S13002602"
"HS3 3DF",10,115835,899875,"S92000003","","S08000014","","S12000013","S13002602"
"HS3 3DG",10,115783,899913,"S92000003","","S08000014","","S12000013","S13002602"
"HS3 3DH",10,115809,900077,"S92000003","","S08000014","","S12000013","S13002602"
"HS3 3DJ",10,115560,899979,"S92000003","","S08000014","","S12000013","S13002602"
"HS3 3DL",10,115552,900149,"S92000003","","S08000014","","S12000013","S13002602"
"HS3 3DN",10,115515,899559,"S92000003","","S08000014","","S12000013","S13002602"
"HS3 3DP",10,115983,899100,"S92000003","","S08000014","","S12000013","S13002602"
"HS3 3DR",10,114738,897985,"S92000003","","S08000014","","S12000013","S13002602"
"HS3 3DW",10,117256,894729,"S92000003","","S08000014","","S12000013","S13002602"
"HS3 3DX",10,117309,894714,"S92000003","","S08000014","","S12000013","S13002602"
"HS3 3DY",10,115668,896395,"S92000003","","S08000014","","S12000013","S13002602"
"HS3 3DZ",10,115150,896629,"S92000003","","S08000014","","S12000013","S13002602"
"HS3 3EB",10,117908,893554,"S92000003","","S08000014","","S12000013","S13002602"
"HS3 3ED",10,117358,892419,"S92000003","","S08000014","","S12000013","S13002602"
"HS3 3EF",10,115289,892892,"S92000003","","S08000014","","S12000013","S13002602"
"HS3 3EH",10,112912,892394,"S92000003","","S08000014","","S12000013","S13002602"
"HS3 3EJ",10,114048,890448,"S92000003","","S08000014","","S12000013","S13002602"
"HS3 3EL",10,111788,892844,"S92000003","","S08000014","","S12000013","S13002602"
"HS3 3EN",10,113518,891013,"S92000003","","S08000014","","S12000013","S13002602"
"HS3 3EP",10,114818,890736,"S92000003","","S08000014","","S12000013","S13002602"
"HS3 3ER",10,115426,891339,"S92000003","","S08000014","","S12000013","S13002602"
"HS3 3EX",10,111206,890072,"S92000003","","S08000014","","S12000013","S13002602"
"HS3 3EY",10,110968,889515,"S92000003","","S08000014","","S12000013","S13002602"
"HS3 3EZ",10,110415,889194,"S92000003","","S08000014","","S12000013","S13002602"
"HS3 3HA",10,109709,889032,"S92000003","","S08000014","","S12000013","S13002602"
"HS3 3HB",10,111504,890909,"S92000003","","S08000014","","S12000013","S13002602"
"HS3 3HG",10,115236,899080,"S92000003","","S08000014","","S12000013","S13002602"
"HS3 3HJ",10,114080,896340,"S92000003","","S08000014","","S12000013","S13002602"
"HS3 3HL",10,107005,899132,"S92000003","","S08000014","","S12000013","S13002602"
"HS3 3HN",10,110744,896196,"S92000003","","S08000014","","S12000013","S13002602"
"HS3 3HP",10,107121,897158,"S92000003","","S08000014","","S12000013","S13002602"
"HS3 3HQ",10,114824,898473,"S92000003","","S08000014","","S12000013","S13002602"
"HS3 3HR",10,104846,896251,"S92000003","","S08000014","","S12000013","S13002602"
"HS3 3HT",10,103320,894678,"S92000003","","S08000014","","S12000013","S13002602"
"HS3 3HX",10,101300,893587,"S92000003","","S08000014","","S12000013","S13002602"
"HS3 3JA",10,99149,889819,"S92000003","","S08000014","","S12000013","S13002602"
"HS3 3JD",10,107437,886719,"S92000003","","S08000014","","S12000013","S13002602"
"HS3 3JE",10,106452,885222,"S92000003","","S08000014","","S12000013","S13002602"
"HS3 3JF",10,107999,886063,"S92000003","","S08000014","","S12000013","S13002602"
"HS3 3JG",10,107921,887010,"S92000003","","S08000014","","S12000013","S13002602"
"HS3 3JH",10,107866,887053,"S92000003","","S08000014","","S12000013","S13002602"
"HS3 3JQ",10,108630,887480,"S92000003","","S08000014","","S12000013","S13002602"
"HS4 3XU",10,121485,896679,"S92000003","","S08000014","","S12000013","S13002602"
"HS4 3XX",10,121526,896773,"S92000003","","S08000014","","S12000013","S13002602"
"HS4 3XY",10,121901,896805,"S92000003","","S08000014","","S12000013","S13002602"
"HS4 3XZ",10,121631,897168,"S92000003","","S08000014","","S12000013","S13002602"
"HS4 3YA",10,121348,896558,"S92000003","","S08000014","","S12000013","S13002602"
"HS4 3YB",10,121278,896188,"S92000003","","S08000014","","S12000013","S13002602"
"HS4 3YD",10,121177,896860,"S92000003","","S08000014","","S12000013","S13002602"
"HS4 3YF",10,121814,896117,"S92000003","","S08000014","","S12000013","S13002602"
"HS4 3YG",10,122511,895262,"S92000003","","S08000014","","S12000013","S13002602"
"HS5 3TL",10,102262,886609,"S92000003","","S08000014","","S12000013","S13002602"
"HS5 3TN",10,102571,886212,"S92000003","","S08000014","","S12000013","S13002602"
"HS5 3TS",10,101954,886796,"S92000003","","S08000014","","S12000013","S13002602"
"HS5 3TT",10,101614,886891,"S92000003","","S08000014","","S12000013","S13002602"
"HS5 3TU",10,101532,887098,"S92000003","","S08000014","","S12000013","S13002602"
"HS5 3TW",10,104528,883911,"S92000003","","S08000014","","S12000013","S13002602"
"HS5 3TX",10,101294,887257,"S92000003","","S08000014","","S12000013","S13002602"
"HS5 3TY",10,100677,887724,"S92000003","","S08000014","","S12000013","S13002602"
"HS5 3UA",10,101850,886387,"S92000003","","S08000014","","S12000013","S13002602"
"HS5 3UB",10,101604,886202,"S92000003","","S08000014","","S12000013","S13002602"
"HS5 3UD",10,102502,884819,"S92000003","","S08000014","","S12000013","S13002602"
"HS5 3UE",10,103605,883619,"S92000003","","S08000014","","S12000013","S13002602"
"HS5 3UF",10,101289,886412,"S92000003","","S08000014","","S12000013","S13002602"
"HS6 5AA",10,91651,868553,"S92000003","","S08000014","","S12000013","S13002601"
"HS6 5AB",10,91719,868482,"S92000003","","S08000014","","S12000013","S13002601"
"HS6 5AD",10,91736,868389,"S92000003","","S08000014","","S12000013","S13002601"
"HS6 5AE",10,91788,868955,"S92000003","","S08000014","","S12000013","S13002601"
"HS6 5AF",10,92112,869534,"S92000003","","S08000014","","S12000013","S13002601"
"HS6 5AG",10,90936,869301,"S92000003","","S08000014","","S12000013","S13002601"
"HS6 5AH",10,90422,868278,"S92000003","","S08000014","","S12000013","S13002601"
"HS6 5AJ",10,85559,881428,"S92000003","","S08000014","","S12000013","S13002601"
"HS6 5AL",10,77503,866163,"S92000003","","S08000014","","S12000013","S13002601"
"HS6 5AP",10,89627,870643,"S92000003","","S08000014","","S12000013","S13002601"
"HS6 5AR",10,89694,871304,"S92000003","","S08000014","","S12000013","S13002601"
"HS6 5AS",10,93550,871568,"S92000003","","S08000014","","S12000013","S13002601"
"HS6 5AT",10,96192,873282,"S92000003","","S08000014","","S12000013","S13002601"
"HS6 5AW",10,90358,869972,"S92000003","","S08000014","","S12000013","S13002601"
"HS6 5AX",10,95574,874393,"S92000003","","S08000014","","S12000013","S13002601"
"HS6 5AY",10,87296,875340,"S92000003","","S08000014","","S12000013","S13002601"
"HS6 5AZ",10,89207,877338,"S92000003","","S08000014","","S12000013","S13002601"
"HS6 5BB",10,92056,881468,"S92000003","","S08000014","","S12000013","S13002601"
"HS6 5BD",10,92080,881502,"S92000003","","S08000014","","S12000013","S13002601"
"HS6 5BE",10,91998,882420,"S92000003","","S08000014","","S12000013","S13002601"
"HS6 5BF",10,92047,881711,"S92000003","","S08000014","","S12000013","S13002601"
"HS6 5BG",10,92729,881929,"S92000003","","S08000014","","S12000013","S13002601"
"HS6 5BH",10,92179,881044,"S92000003","","S08000014","","S12000013","S13002601"
"HS6 5BJ",10,91520,880949,"S92000003","","S08000014","","S12000013","S13002601"
"HS6 5BL",10,91891,880927,"S92000003","","S08000014","","S12000013","S13002601"
"HS6 5BP",10,82463,875094,"S92000003","","S08000014","","S12000013","S13002601"
"HS6 5BQ",10,93083,882027,"S92000003","","S08000014","","S12000013","S13002601"
"HS6 5BR",10,93020,881503,"S92000003","","S08000014","","S12000013","S13002601"
"HS6 5BS",10,81306,874820,"S92000003","","S08000014","","S12000013","S13002601"
"HS6 5BT",10,81219,874949,"S92000003","","S08000014","","S12000013","S13002601"
"HS6 5BU",10,80430,874589,"S92000003","","S08000014","","S12000013","S13002601"
"HS6 5BW",10,85558,874087,"S92000003","","S08000014","","S12000013","S13002601"
"HS6 5BX",10,79464,874107,"S92000003","","S08000014","","S12000013","S13002601"
"HS6 5BY",10,78535,873228,"S92000003","","S08000014","","S12000013","S13002601"
"HS6 5BZ",10,75174,875712,"S92000003","","S08000014","","S12000013","S13002601"
"HS6 5DA",10,79360,873563,"S92000003","","S08000014","","S12000013","S13002601"
"HS6 5DE",10,71630,871826,"S92000003","","S08000014","","S12000013","S13002601"
"HS6 5DF",10,72449,872404,"S92000003","","S08000014","","S12000013","S13002601"
"HS6 5DG",10,72332,872980,"S92000003","","S08000014","","S12000013","S13002601"
"HS6 5DH",10,72902,875322,"S92000003","","S08000014","","S12000013","S13002601"
"HS6 5DL",10,70657,871058,"S92000003","","S08000014","","S12000013","S13002601"
"HS6 5DQ",10,72540,873546,"S92000003","","S08000014","","S12000013","S13002601"
"HS6 5DS",10,74825,868271,"S92000003","","S08000014","","S12000013","S13002601"
"HS6 5DT",10,75729,867988,"S92000003","","S08000014","","S12000013","S13002601"
"HS6 5DU",10,76436,867301,"S92000003","","S08000014","","S12000013","S13002601"
"HS6 5DW",10,72337,869989,"S92000003","","S08000014","","S12000013","S13002601"
"HS6 5DX",10,74874,867931,"S92000003","","S08000014","","S12000013","S13002601"
"HS6 5DY",10,75431,867243,"S92000003","","S08000014","","S12000013","S13002601"
"HS6 5DZ",10,74535,867615,"S92000003","","S08000014","","S12000013","S13002601"
"HS6 5EB",10,73644,867437,"S92000003","","S08000014","","S12000013","S13002601"
"HS6 5ED",10,73663,868545,"S92000003","","S08000014","","S12000013","S13002601"
"HS6 5EF",10,72937,868538,"S92000003","","S08000014","","S12000013","S13002601"
"HS6 5EH",10,81893,860341,"S92000003","","S08000014","","S12000013","S13002601"
"HS6 5EJ",10,81904,860941,"S92000003","","S08000014","","S12000013","S13002601"
"HS6 5EL",10,82002,860704,"S92000003","","S08000014","","S12000013","S13002601"
"HS6 5EN",10,81749,862161,"S92000003","","S08000014","","S12000013","S13002601"
"HS6 5EP",10,78170,865588,"S92000003","","S08000014","","S12000013","S13002601"
"HS6 5ES",10,79616,864459,"S92000003","","S08000014","","S12000013","S13002601"
"HS6 5ET",10,79809,863617,"S92000003","","S08000014","","S12000013","S13002601"
"HS6 5EU",10,85064,863389,"S92000003","","S08000014","","S12000013","S13002601"
"HS6 5EW",10,77034,866739,"S92000003","","S08000014","","S12000013","S13002601"
"HS6 5EX",10,88142,863246,"S92000003","","S08000014","","S12000013","S13002601"
"HS6 5HA",10,83661,865207,"S92000003","","S08000014","","S12000013","S13002601"
"HS6 5HD",10,81034,863921,"S92000003","","S08000014","","S12000013","S13002601"
"HS6 5HE",10,80498,863051,"S92000003","","S08000014","","S12000013","S13002601"
"HS6 5HG",10,79216,862510,"S92000003","","S08000014","","S12000013","S13002601"
"HS6 5HL",10,81587,859669,"S92000003","","S08000014","","S12000013","S13002601"
"HS6 5HN",10,83846,859768,"S92000003","","S08000014","","S12000013","S13002601"
"HS6 5HP",10,85212,858956,"S92000003","","S08000014","","S12000013","S13002601"
"HS6 5HQ",10,77762,861985,"S92000003","","S08000014","","S12000013","S13002601"
"HS6 5HR",10,82055,860553,"S92000003","","S08000014","","S12000013","S13002601"
"HS6 5HT",10,84544,857368,"S92000003","","S08000014","","S12000013","S13002601"
"HS6 5HU",10,85674,857750,"S92000003","","S08000014","","S12000013","S13002601"
"HS6 5HW",10,84609,859810,"S92000003","","S08000014","","S12000013","S13002601"
"HS6 5HX",10,87234,856369,"S92000003","","S08000014","","S12000013","S13002601"
"HS6 5HY",10,87864,855295,"S92000003","","S08000014","","S12000013","S13002601"
"HS6 5JA",10,86144,856068,"S92000003","","S08000014","","S12000013","S13002601"
"HS6 5JB",10,85159,856547,"S92000003","","S08000014","","S12000013","S13002601"
"HS7 5AB",10,77021,855378,"S92000003","","S08000014","","S12000013","S13002601"
"HS7 5LA",10,78111,855081,"S92000003","","S08000014","","S12000013","S13002601"
"HS7 5LB",10,77552,855210,"S92000003","","S08000014","","S12000013","S13002601"
"HS7 5LE",10,76898,855201,"S92000003","","S08000014","","S12000013","S13002601"
"HS7 5LF",10,76989,855282,"S92000003","","S08000014","","S12000013","S13002601"
"HS7 5LH",10,77119,855356,"S92000003","","S08000014","","S12000013","S13002601"
"HS7 5LQ",10,77213,855252,"S92000003","","S08000014","","S12000013","S13002601"
"HS7 5LS",10,76779,855386,"S92000003","","S08000014","","S12000013","S13002601"
"HS7 5LT",10,77270,854472,"S92000003","","S08000014","","S12000013","S13002601"
"HS7 5LU",10,76509,853694,"S92000003","","S08000014","","S12000013","S13002601"
"HS7 5LW",10,78034,855339,"S92000003","","S08000014","","S12000013","S13002601"
"HS7 5LX",10,79078,855059,"S92000003","","S08000014","","S12000013","S13002601"
"HS7 5LY",10,80052,855299,"S92000003","","S08000014","","S12000013","S13002601"
"HS7 5LZ",10,81339,855626,"S92000003","","S08000014","","S12000013","S13002601"
"HS7 5ND",10,76774,855300,"S92000003","","S08000014","","S12000013","S13002601"
"HS7 5NE",10,76804,855194,"S92000003","","S08000014","","S12000013","S13002601"
"HS7 5NF",10,76896,855326,"S92000003","","S08000014","","S12000013","S13002601"
"HS7 5NG",10,77777,855153,"S92000003","","S08000014","","S12000013","S13002601"
"HS7 5PG",10,79748,848532,"S92000003","","S08000014","","S12000013","S13002601"
"HS7 5PH",10,79820,848251,"S92000003","","S08000014","","S12000013","S13002601"
"HS7 5PJ",10,78491,849936,"S92000003","","S08000014","","S12000013","S13002601"
"HS7 5PL",10,79357,849339,"S92000003","","S08000014","","S12000013","S13002601"
"HS7 5PN",10,76821,851333,"S92000003","","S08000014","","S12000013","S13002601"
"HS7 5PP",10,78410,850866,"S92000003","","S08000014","","S12000013","S13002601"
"HS7 5PQ",10,79806,848313,"S92000003","","S08000014","","S12000013","S13002601"
"HS7 5PR",10,81251,847917,"S92000003","","S08000014","","S12000013","S13002601"
"HS7 5PS",10,83047,847205,"S92000003","","S08000014","","S12000013","S13002601"
"HS7 5PT",10,84575,846160,"S92000003","","S08000014","","S12000013","S13002601"
"HS7 5PW",10,80123,848015,"S92000003","","S08000014","","S12000013","S13002601"
"HS7 5PY",10,79818,849535,"S92000003","","S08000014","","S12000013","S13002601"
"HS7 5PZ",10,80031,850378,"S92000003","","S08000014","","S12000013","S13002601"
"HS7 5QA",10,78649,851852,"S92000003","","S08000014","","S12000013","S13002601"
"HS7 5QB",10,78977,851708,"S92000003","","S08000014","","S12000013","S13002601"
"HS7 5QD",10,81332,848248,"S92000003","","S08000014","","S12000013","S13002601"
"HS7 5QF",10,81939,848619,"S92000003","","S08000014","","S12000013","S13002601"
"HS7 5QG",10,83910,847834,"S92000003","","S08000014","","S12000013","S13002601"
"HS7 5QH",10,85694,848093,"S92000003","","S08000014","","S12000013","S13002601"
"HS7 5QJ",10,87262,849320,"S92000003","","S08000014","","S12000013","S13002601"
"HS7 5QL",10,86058,848479,"S92000003","","S08000014","","S12000013","S13002601"
"HS7 5QP",10,82125,855664,"S92000003","","S08000014","","S12000013","S13002601"
"HS7 5QR",10,83298,855285,"S92000003","","S08000014","","S12000013","S13002601"
"HS7 5QS",10,84234,854911,"S92000003","","S08000014","","S12000013","S13002601"
"HS7 5WX",10,77734,855368,"S92000003","","S08000014","","S12000013","S13002601"
"HS8 5JH",10,78979,811911,"S92000003","","S08000014","","S12000013","S13002600"
"HS8 5JJ",10,78639,811954,"S92000003","","S08000014","","S12000013","S13002600"
"HS8 5JL",10,78523,811554,"S92000003","","S08000014","","S12000013","S13002600"
"HS8 5JN",10,78717,810531,"S92000003","","S08000014","","S12000013","S13002600"
"HS8 5JP",10,79073,809637,"S92000003","","S08000014","","S12000013","S13002600"
"HS8 5JR",10,79678,812134,"S92000003","","S08000014","","S12000013","S13002600"
"HS8 5JT",10,78613,811828,"S92000003","","S08000014","","S12000013","S13002600"
"HS8 5JU",10,78540,811829,"S92000003","","S08000014","","S12000013","S13002600"
"HS8 5JW",10,79069,810360,"S92000003","","S08000014","","S12000013","S13002600"
"HS8 5NA",10,83795,841404,"S92000003","","S08000014","","S12000013","S13002600"
"HS8 5NS",10,82036,838852,"S92000003","","S08000014","","S12000013","S13002600"
"HS8 5NU",10,81642,843607,"S92000003","","S08000014","","S12000013","S13002600"
"HS8 5NX",10,82536,843313,"S92000003","","S08000014","","S12000013","S13002600"
"HS8 5NY",10,83259,842183,"S92000003","","S08000014","","S12000013","S13002600"
"HS8 5NZ",10,83338,840403,"S92000003","","S08000014","","S12000013","S13002600"
"HS8 5PD",10,82194,843433,"S92000003","","S08000014","","S12000013","S13002600"
"HS8 5PE",10,81397,845152,"S92000003","","S08000014","","S12000013","S13002600"
"HS8 5QX",10,78727,846905,"S92000003","","S08000014","","S12000013","S13002600"
"HS8 5QY",10,80048,845971,"S92000003","","S08000014","","S12000013","S13002600"
"HS8 5RA",10,77526,846394,"S92000003","","S08000014","","S12000013","S13002600"
"HS8 5RB",10,76541,846930,"S92000003","","S08000014","","S12000013","S13002600"
"HS8 5RD",10,76103,846436,"S92000003","","S08000014","","S12000013","S13002600"
"HS8 5RE",10,75194,845989,"S92000003","","S08000014","","S12000013","S13002600"
"HS8 5RF",10,74278,845801,"S92000003","","S08000014","","S12000013","S13002600"
"HS8 5RG",10,77746,845543,"S92000003","","S08000014","","S12000013","S13002600"
"HS8 5RH",10,79885,846620,"S92000003","","S08000014","","S12000013","S13002600"
"HS8 5RJ",10,79654,846204,"S92000003","","S08000014","","S12000013","S13002600"
"HS8 5RL",10,79232,846134,"S92000003","","S08000014","","S12000013","S13002600"
"HS8 5RP",10,77846,841935,"S92000003","","S08000014","","S12000013","S13002600"
"HS8 5RQ",10,78649,846199,"S92000003","","S08000014","","S12000013","S13002600"
"HS8 5RR",10,77373,839598,"S92000003","","S08000014","","S12000013","S13002600"
"HS8 5RS",10,77028,838683,"S92000003","","S08000014","","S12000013","S13002600"
"HS8 5RT",10,76139,837312,"S92000003","","S08000014","","S12000013","S13002600"
"HS8 5RU",10,79252,846027,"S92000003","","S08000014","","S12000013","S13002600"
"HS8 5RW",10,77470,841900,"S92000003","","S08000014","","S12000013","S13002600"
"HS8 5RX",10,74057,825337,"S92000003","","S08000014","","S12000013","S13002600"
"HS8 5RY",10,74553,826365,"S92000003","","S08000014","","S12000013","S13002600"
"HS8 5RZ",10,73462,827631,"S92000003","","S08000014","","S12000013","S13002600"
"HS8 5SA",10,74402,829641,"S92000003","","S08000014","","S12000013","S13002600"
"HS8 5SB",10,74965,831518,"S92000003","","S08000014","","S12000013","S13002600"
"HS8 5SD",10,74613,833566,"S92000003","","S08000014","","S12000013","S13002600"
"HS8 5SF",10,74729,835107,"S92000003","","S08000014","","S12000013","S13002600"
"HS8 5SG",10,75659,834941,"S92000003","","S08000014","","S12000013","S13002600"
"HS8 5SH",10,76505,836179,"S92000003","","S08000014","","S12000013","S13002600"
"HS8 5SJ",10,76691,829287,"S92000003","","S08000014","","S12000013","S13002600"
"HS8 5SL",10,77796,827514,"S92000003","","S08000014","","S12000013","S13002600"
"HS8 5SN",10,77995,828659,"S92000003","","S08000014","","S12000013","S13002600"
"HS8 5SQ",10,76111,835211,"S92000003","","S08000014","","S12000013","S13002600"
"HS8 5SS",10,75346,821167,"S92000003","","S08000014","","S12000013","S13002600"
"HS8 5ST",10,75860,821262,"S92000003","","S08000014","","S12000013","S13002600"
"HS8 5SU",10,75955,821180,"S92000003","","S08000014","","S12000013","S13002600"
"HS8 5SX",10,75172,822109,"S92000003","","S08000014","","S12000013","S13002600"
"HS8 5SY",10,74121,823620,"S92000003","","S08000014","","S12000013","S13002600"
"HS8 5SZ",10,75507,820353,"S92000003","","S08000014","","S12000013","S13002600"
"HS8 5TB",10,74721,820051,"S92000003","","S08000014","","S12000013","S13002600"
"HS8 5TD",10,74153,818048,"S92000003","","S08000014","","S12000013","S13002600"
"HS8 5TE",10,74842,817150,"S92000003","","S08000014","","S12000013","S13002600"
"HS8 5TF",10,75634,816913,"S92000003","","S08000014","","S12000013","S13002600"
"HS8 5TG",10,76092,821022,"S92000003","","S08000014","","S12000013","S13002600"
"HS8 5TH",10,78866,819631,"S92000003","","S08000014","","S12000013","S13002600"
"HS8 5TJ",10,79165,819559,"S92000003","","S08000014","","S12000013","S13002600"
"HS8 5TL",10,79149,819498,"S92000003","","S08000014","","S12000013","S13002600"
"HS8 5TN",10,77398,820391,"S92000003","","S08000014","","S12000013","S13002600"
"HS8 5TP",10,79245,819394,"S92000003","","S08000014","","S12000013","S13002600"
"HS8 5TR",10,74734,814829,"S92000003","","S08000014","","S12000013","S13002600"
"HS8 5TS",10,77120,814052,"S92000003","","S08000014","","S12000013","S13002600"
"HS8 5TT",10,75240,814531,"S92000003","","S08000014","","S12000013","S13002600"
"HS8 5TU",10,74948,815475,"S92000003","","S08000014","","S12000013","S13002600"
"HS8 5TW",10,78886,820012,"S92000003","","S08000014","","S12000013","S13002600"
"HS8 5TX",10,74938,816510,"S92000003","","S08000014","","S12000013","S13002600"
"HS8 5TY",10,75723,816605,"S92000003","","S08000014","","S12000013","S13002600"
"HS8 5UB",10,77777,817702,"S92000003","","S08000014","","S12000013","S13002600"
"HS8 5UD",10,79131,817548,"S92000003","","S08000014","","S12000013","S13002600"
"HS8 5UE",10,79193,815098,"S92000003","","S08000014","","S12000013","S13002600"
"HS9 5UA",10,69413,798940,"S92000003","","S08000014","","S12000013","S13002600"
"HS9 5UB",10,69894,799304,"S92000003","","S08000014","","S12000013","S13002600"
"HS9 5UH",10,67682,798485,"S92000003","","S08000014","","S12000013","S13002600"
"HS9 5UJ",10,66882,798121,"S92000003","","S08000014","","S12000013","S13002600"
"HS9 5UL",10,66886,797969,"S92000003","","S08000014","","S12000013","S13002600"
"HS9 5UN",10,69342,798897,"S92000003","","S08000014","","S12000013","S13002600"
"HS9 5UP",10,69824,799445,"S92000003","","S08000014","","S12000013","S13002600"
"HS9 5UQ",10,66977,798341,"S92000003","","S08000014","","S12000013","S13002600"
"HS9 5UR",10,70485,799820,"S92000003","","S08000014","","S12000013","S13002600"
"HS9 5UT",10,71321,801510,"S92000003","","S08000014","","S12000013","S13002600"
"HS9 5UU",10,71305,800901,"S92000003","","S08000014","","S12000013","S13002600"
"HS9 5UW",10,69938,799100,"S92000003","","S08000014","","S12000013","S13002600"
"HS9 5UX",10,71223,802481,"S92000003","","S08000014","","S12000013","S13002600"
"HS9 5UY",10,72027,802189,"S92000003","","S08000014","","S12000013","S13002600"
"HS9 5UZ",10,66510,797962,"S92000003","","S08000014","","S12000013","S13002600"
"HS9 5XA",10,66579,798169,"S92000003","","S08000014","","S12000013","S13002600"
"HS9 5XB",10,66151,798413,"S92000003","","S08000014","","S12000013","S13002600"
"HS9 5XD",10,66428,798300,"S92000003","","S08000014","","S12000013","S13002600"
"HS9 5XE",10,65925,798152,"S92000003","","S08000014","","S12000013","S13002600"
"HS9 5XF",10,65834,798375,"S92000003","","S08000014","","S12000013","S13002600"
"HS9 5XG",10,66110,798327,"S92000003","","S08000014","","S12000013","S13002600"
"HS9 5XH",10,65820,798142,"S92000003","","S08000014","","S12000013","S13002600"
"HS9 5XJ",10,65808,798286,"S92000003","","S08000014","","S12000013","S13002600"
"HS9 5XL",10,65661,798700,"S92000003","","S08000014","","S12000013","S13002600"
"HS9 5XN",10,65376,798438,"S92000003","","S08000014","","S12000013","S13002600"
"HS9 5XP",10,65858,798149,"S92000003","","S08000014","","S12000013","S13002600"
"HS9 5XQ",10,66002,798177,"S92000003","","S08000014","","S12000013","S13002600"
"HS9 5XR",10,65865,801240,"S92000003","","S08000014","","S12000013","S13002600"
"HS9 5XS",10,65955,801572,"S92000003","","S08000014","","S12000013","S13002600"
"HS9 5XT",10,65906,802888,"S92000003","","S08000014","","S12000013","S13002600"
"HS9 5XU",10,67202,803680,"S92000003","","S08000014","","S12000013","S13002600"
"HS9 5XW",10,64940,800029,"S92000003","","S08000014","","S12000013","S13002600"
"HS9 5XX",10,66624,804364,"S92000003","","S08000014","","S12000013","S13002600"
"HS9 5XY",10,70113,803278,"S92000003","","S08000014","","S12000013","S13002600"
"HS9 5XZ",10,67200,803327,"S92000003","","S08000014","","S12000013","S13002600"
"HS9 5YA",10,71130,803339,"S92000003","","S08000014","","S12000013","S13002600"
"HS9 5YB",10,70772,804267,"S92000003","","S08000014","","S12000013","S13002600"
"HS9 5YD",10,70646,807468,"S92000003","","S08000014","","S12000013","S13002600"
"HS9 5YE",10,70348,807660,"S92000003","","S08000014","","S12000013","S13002600"
"HS9 5YG",10,66579,798169,"S92000003","","S08000014","","S12000013","S13002600"
"HS9 5YH",10,70920,802982,"S92000003","","S08000014","","S12000013","S13002600"
"HS9 5YL",10,63281,797381,"S92000003","","S08000014","","S12000013","S13002600"
"HS9 5YN",10,65331,796066,"S92000003","","S08000014","","S12000013","S13002600"
"HS9 5YP",10,63810,797169,"S92000003","","S08000014","","S12000013","S13002600"
"HS9 5YQ",10,70782,802954,"S92000003","","S08000014","","S12000013","S13002600"
"HS9 5YR",10,70423,806687,"S92000003","","S08000014","","S12000013","S13002600"
"HS9 5YU",10,63215,794551,"S92000003","","S08000014","","S12000013","S13002600"
"HS9 5YW",10,63312,794555,"S92000003","","S08000014","","S12000013","S13002600"
"HS9 5ZE",10,65959,798232,"S92000003","","S08000014","","S12000013","S13002600"
